{"edges": [{"node1": {"hostname": "dc1-bl1a", "interfaceName": "Ethernet1"}, "node2": {"hostname": "dc1-spine1", "interfaceName": "Ethernet6"}}, {"node1": {"hostname": "dc1-bl1a", "interfaceName": "Ethernet2"}, "node2": {"hostname": "dc1-spine2", "interfaceName": "Ethernet6"}}, {"node1": {"hostname": "dc1-bl1b", "interfaceName": "Ethernet1"}, "node2": {"hostname": "dc1-spine1", "interfaceName": "Ethernet7"}}, {"node1": {"hostname": "dc1-bl1b", "interfaceName": "Ethernet2"}, "node2": {"hostname": "dc1-spine2", "interfaceName": "Ethernet7"}}, {"node1": {"hostname": "dc1-leaf1a", "interfaceName": "Ethernet1"}, "node2": {"hostname": "dc1-spine1", "interfaceName": "Ethernet1"}}, {"node1": {"hostname": "dc1-leaf1a", "interfaceName": "Ethernet2"}, "node2": {"hostname": "dc1-spine2", "interfaceName": "Ethernet1"}}, {"node1": {"hostname": "dc1-leaf2a", "interfaceName": "Ethernet1"}, "node2": {"hostname": "dc1-spine1", "interfaceName": "Ethernet2"}}, {"node1": {"hostname": "dc1-leaf2a", "interfaceName": "Ethernet2"}, "node2": {"hostname": "dc1-spine2", "interfaceName": "Ethernet2"}}, {"node1": {"hostname": "dc1-leaf2b", "interfaceName": "Ethernet1"}, "node2": {"hostname": "dc1-spine1", "interfaceName": "Ethernet3"}}, {"node1": {"hostname": "dc1-leaf2b", "interfaceName": "Ethernet2"}, "node2": {"hostname": "dc1-spine2", "interfaceName": "Ethernet3"}}, {"node1": {"hostname": "dc1-svc3a", "interfaceName": "Ethernet1"}, "node2": {"hostname": "dc1-spine1", "interfaceName": "Ethernet4"}}, {"node1": {"hostname": "dc1-svc3a", "interfaceName": "Ethernet2"}, "node2": {"hostname": "dc1-spine2", "interfaceName": "Ethernet4"}}, {"node1": {"hostname": "dc1-svc3b", "interfaceName": "Ethernet1"}, "node2": {"hostname": "dc1-spine1", "interfaceName": "Ethernet5"}}, {"node1": {"hostname": "dc1-svc3b", "interfaceName": "Ethernet2"}, "node2": {"hostname": "dc1-spine2", "interfaceName": "Ethernet5"}}, {"node1": {"hostname": "dc1-bl1a", "interfaceName": "Ethernet3"}, "node2": {"hostname": "dc1-bl1b", "interfaceName": "Ethernet3"}}, {"node1": {"hostname": "dc1-bl1a", "interfaceName": "Ethernet4"}, "node2": {"hostname": "dc1-bl1b", "interfaceName": "Ethernet4"}}, {"node1": {"hostname": "dc1-svc3a", "interfaceName": "Ethernet4"}, "node2": {"hostname": "dc1-svc3b", "interfaceName": "Ethernet4"}}, {"node1": {"hostname": "dc1-svc3a", "interfaceName": "Ethernet3"}, "node2": {"hostname": "dc1-svc3b", "interfaceName": "Ethernet3"}}, {"node1": {"hostname": "dc1-svc3a", "interfaceName": "Ethernet5"}, "node2": {"hostname": "dc1-l2leaf5a", "interfaceName": "Ethernet1"}}, {"node1": {"hostname": "dc1-svc3a", "interfaceName": "Ethernet6"}, "node2": {"hostname": "dc1-l2leaf5b", "interfaceName": "Ethernet1"}}, {"node1": {"hostname": "dc1-svc3b", "interfaceName": "Ethernet5"}, "node2": {"hostname": "dc1-l2leaf5a", "interfaceName": "Ethernet2"}}, {"node1": {"hostname": "dc1-svc3b", "interfaceName": "Ethernet6"}, "node2": {"hostname": "dc1-l2leaf5b", "interfaceName": "Ethernet2"}}, {"node1": {"hostname": "dc1-leaf2a", "interfaceName": "Ethernet3"}, "node2": {"hostname": "dc1-leaf2b", "interfaceName": "Ethernet3"}}, {"node1": {"hostname": "dc1-leaf2a", "interfaceName": "Ethernet4"}, "node2": {"hostname": "dc1-leaf2b", "interfaceName": "Ethernet4"}}, {"node1": {"hostname": "dc1-leaf2a", "interfaceName": "Ethernet6"}, "node2": {"hostname": "dc1-l2leaf4a", "interfaceName": "Ethernet11"}}, {"node1": {"hostname": "dc1-leaf2a", "interfaceName": "Ethernet7"}, "node2": {"hostname": "dc1-l2leaf6a", "interfaceName": "Ethernet1"}}, {"node1": {"hostname": "dc1-leaf2a", "interfaceName": "Ethernet8"}, "node2": {"hostname": "dc1-l2leaf6b", "interfaceName": "Ethernet1"}}, {"node1": {"hostname": "dc1-leaf2b", "interfaceName": "Ethernet6"}, "node2": {"hostname": "dc1-l2leaf4a", "interfaceName": "Ethernet12"}}, {"node1": {"hostname": "dc1-leaf2b", "interfaceName": "Ethernet7"}, "node2": {"hostname": "dc1-l2leaf6a", "interfaceName": "Ethernet2"}}, {"node1": {"hostname": "dc1-leaf2b", "interfaceName": "Ethernet8"}, "node2": {"hostname": "dc1-l2leaf6b", "interfaceName": "Ethernet2"}}, {"node1": {"hostname": "dc1-l2leaf5a", "interfaceName": "Ethernet3"}, "node2": {"hostname": "dc1-l2leaf5b", "interfaceName": "Ethernet3"}}, {"node1": {"hostname": "dc1-l2leaf5a", "interfaceName": "Ethernet4"}, "node2": {"hostname": "dc1-l2leaf5b", "interfaceName": "Ethernet4"}}, {"node1": {"hostname": "dc1-l2leaf6a", "interfaceName": "Ethernet3"}, "node2": {"hostname": "dc1-l2leaf6b", "interfaceName": "Ethernet3"}}, {"node1": {"hostname": "dc1-l2leaf6a", "interfaceName": "Ethernet4"}, "node2": {"hostname": "dc1-l2leaf6b", "interfaceName": "Ethernet4"}}]}
